{
  "IcoMoonType": "selection",
  "icons": [
    {
      "icon": {
        "paths": [
          "M544 0h-448c-52.938 0-96 43.062-96 96v832c0 52.941 43.062 96 96 96h448c52.938 0 96-43.059 96-96v-832c0-52.938-43.062-96-96-96zM96 64h448c17.656 0 32 14.344 32 32v672h-512v-672c0-17.656 14.344-32 32-32zM544 960h-448c-17.656 0-32-14.342-32-32v-96h512v96c0 17.658-14.344 32-32 32z",
          "M150.627 879.29c12.497 11.674 12.497 30.592 0 42.259-12.497 11.674-32.757 11.674-45.254 0-12.497-11.667-12.497-30.586 0-42.259 12.497-11.667 32.757-11.667 45.254 0z"
        ],
        "attrs": [],
        "width": 640,
        "grid": 0,
        "tags": [
          "smartphone"
        ]
      },
      "attrs": [],
      "properties": {
        "order": 173,
        "id": 0,
        "name": "smartphone",
        "prevSize": 32
      },
      "setIdx": 1,
      "setId": 2,
      "iconIdx": 0
    }
  ],
  "height": 1024,
  "preferences": {
    "showGlyphs": true,
    "showQuickUse": true,
    "showQuickUse2": false,
    "showSVGs": true,
    "fontPref": {
      "prefix": "icon-",
      "metadata": {
        "fontFamily": "icomoon"
      },
      "metrics": {
        "emSize": 1024,
        "baseline": 6.25,
        "whitespace": 50
      },
      "embed": false
    },
    "imagePref": {
      "prefix": "",
      "png": false,
      "useClassSelector": true,
      "color": 0,
      "bgColor": 16777215,
      "classSelector": ".icon",
      "name": "icons",
      "height": 32,
      "columns": 16,
      "margin": 16,
      "autoHost": false
    },
    "historySize": 50,
    "showCodes": true,
    "gridSize": 16,
    "quickUsageToken": {
      "UntitledProject": "ZTI2ZmNkNjAzZjI3M2JlYzY4MThlY2U3YzhkNGVhNTkjMSMxNjY2OTcyNTUxIyMjZDZjM2Q3NjMwZWM2"
    }
  }
}